Treatment_ID,Relevant Figure,Notes,psiD,psiR,psiT,psiF,gammaDR,gammaTR,gammaDF,gammaTF,tauD,tauT,D_0,R_0,T_0,F_0,Cutoff_I1,Cutoff_I2,Num_sims_I1,Num_sims_I2,Num_sims_I3,Num_of_experiments,Cutoff_I1_t,Cutoff_I2_t
T9,,,1,1,1,1,1.00E-06,1.00E-06,1.00E-06,1.00E-06,0,0,100,100,0,0,1000000,100,1,100,1,100,8.517222222,4.610277778
T80,,,1,1,1,1,1.00E-06,1.00E-06,1.00E-06,1.00E-06,0,0,100,100,0,0,1000000,100,1,500,0,100,8.517222222,4.610277778
T81,,,1,1,1,1,1.00E-06,1.00E-06,1.00E-06,1.00E-06,0,0,100,100,0,0,1000000,100,1,50,0,100,8.517222222,4.610277778
T82,,,1,1,1,1,1.00E-06,1.00E-06,1.00E-06,1.00E-06,0,0,100,100,0,0,1000000,100,1,10,0,500,8.517222222,4.610277778
T83,,,1,1,1,1,1.00E-06,1.00E-06,1.00E-06,1.00E-06,0,0,100,100,0,0,1000000,100,1,5,0,1000,8.517222222,4.610277778